,file,index,accuracy,std-dev,t-test,p-val
0,FAC008.mat,0,0.5141290726817043,0.09686590647046693,0.0,1.0
1,FAC008.mat,1,0.5588032581453635,0.12262991279824459,1.0056378177528424,0.31535441299075917
2,FAC008.mat,2,0.544360902255639,0.10609632675102075,-0.11147524026029398,0.9113098258761596
3,FAC008.mat,3,0.45498120300751876,0.0717648273405106,-0.11147524026029398,0.9113098258761596
4,FAC008.mat,4,0.4987938596491228,0.11508619615153294,0.0,1.0
5,FAC008.mat,5,0.562578320802005,0.07718240174766161,0.44598811064838767,0.6559093400994884
6,FAC008.mat,6,0.5390977443609023,0.15280972233016746,0.44598811064838767,0.6559093400994884
7,FAC008.mat,7,0.569423558897243,0.08240363203080472,0.5576377574872883,0.5774840937710104
8,FAC008.mat,8,0.5283991228070175,0.1447500907679028,-0.334582654492373,0.7381605000436635
9,FAC008.mat,9,0.5609649122807018,0.1056389490926748,0.0,1.0
10,FAC008.mat,10,0.530999373433584,0.08307927942281856,0.5576377574872883,0.5774840937710104
11,FAC008.mat,11,0.48123433583959896,0.08547091097897862,0.33442572078088195,0.7382787893525264
12,FAC008.mat,12,0.5515977443609023,0.09201694207916453,1.1181218948701508,0.2643588990121613
13,FAC008.mat,13,0.6325814536340852,0.10667611111895221,0.33442572078088195,0.7382787893525264
14,FAC008.mat,14,0.5322838345864661,0.12008239662673334,-0.5580745039181856,0.5771861929727129
15,FAC008.mat,15,0.4556077694235589,0.0908530539664397,1.0056378177528424,0.31535441299075917
16,FAC008.mat,16,0.45093984962406014,0.06332410772926188,-1.1198843831880463,0.26360813987312876
17,FAC008.mat,17,0.5356359649122807,0.12370904433716895,0.44598811064838767,0.6559093400994884
18,FAC008.mat,18,0.5809367167919799,0.07189697246680331,-1.007062234639235,0.3146705313300389
19,FAC008.mat,19,0.6137374686716792,0.10272251964807108,-0.22299405532419384,0.8236833014308251
20,FAC008.mat,20,0.544031954887218,0.07313007006562841,-1.007062234639235,0.3146705313300389
21,FAC008.mat,21,0.5496867167919799,0.07624734060536814,0.6694009997378076,0.5037254306331254
22,FAC008.mat,22,0.6075501253132831,0.1128960671316505,-0.5580745039181856,0.5771861929727129
23,FAC008.mat,23,0.5878446115288221,0.06620628199748914,0.44598811064838767,0.6559093400994884
24,FAC008.mat,24,0.55593671679198,0.08925250970976262,-1.2329917552483753,0.21848953088108203
25,FAC008.mat,25,0.5068609022556391,0.03608667647806171,-0.334582654492373,0.7381605000436635
26,FAC008.mat,26,0.4384711779448621,0.11863470469611509,0.0,1.0
27,FAC008.mat,27,0.5571585213032582,0.09098632034262773,-0.5580745039181856,0.5771861929727129
28,FAC008.mat,28,0.587546992481203,0.12120175362639428,-0.4462673331585385,0.6557078712474953
29,FAC008.mat,29,0.5422149122807018,0.10738579643477555,-0.11147524026029398,0.9113098258761596
30,FAC008.mat,30,0.5493890977443608,0.05997947334706841,0.6694009997378076,0.5037254306331254
31,FAC008.mat,31,0.624749373433584,0.06699419117071098,0.0,1.0
32,FAC009.mat,0,0.5419645550527904,0.05487973624785925,-2.9199855803537256,0.0035975897607698373
33,FAC009.mat,1,0.5215837104072398,0.04565069944004859,-2.3192044488969397,0.020631874004027363
34,FAC009.mat,2,0.5417232277526396,0.041078190984634284,-3.844235896449445,0.0001304043279431976
35,FAC009.mat,3,0.5544645550527904,0.052238936055131115,-2.844273946132609,0.004563448359439505
36,FAC009.mat,4,0.564172322775264,0.050050525657797815,-4.72129654620405,2.7609508409354567e-06
37,FAC009.mat,5,0.5757598039215687,0.08214969388752526,-1.2910272446419893,0.19706256372171105
38,FAC009.mat,6,0.5740686274509804,0.09582655436852189,-1.948945683070711,0.05164679514917242
39,FAC009.mat,7,0.5201470588235294,0.05142787676965662,-3.4554164883955503,0.0005780233348327473
40,FAC009.mat,8,0.5593665158371042,0.05225302444837491,-3.1482565121168347,0.0017026665309924256
41,FAC009.mat,9,0.5049490950226244,0.06504307052006304,-2.096605355546556,0.036338144027731265
42,FAC009.mat,10,0.4805788084464555,0.07333097093637023,-1.509220763277496,0.13163232916203704
43,FAC009.mat,11,0.49725867269984914,0.03957875048409353,-0.7138362235141941,0.475534090046998
44,FAC009.mat,12,0.5742703619909503,0.07504135314725893,-2.2448522029005735,0.025046742242204014
45,FAC009.mat,13,0.538697209653092,0.057342870578274266,-1.2185221394962538,0.22338039388296582
46,FAC009.mat,14,0.5069683257918551,0.06127067814913902,-1.7284978790940952,0.0842800775628044
47,FAC009.mat,15,0.5273529411764706,0.0416881526333584,-2.3192044488969397,0.020631874004027363
48,FAC009.mat,16,0.5372115384615385,0.05852523734186373,-4.0013894007781134,6.874214549885183e-05
49,FAC009.mat,17,0.5026904223227753,0.06520876508515196,-2.768745218306051,0.005755838558667104
50,FAC009.mat,18,0.5621059577677225,0.0574538095833011,-1.5821884819189915,0.11399690894089869
51,FAC009.mat,19,0.54052790346908,0.0730304137798422,-0.7856499557111596,0.43230233933763695
52,FAC009.mat,20,0.4877941176470588,0.04864975670416128,-1.7284978790940952,0.0842800775628044
53,FAC009.mat,21,0.5547077677224735,0.07408431657404754,-3.1482565121168347,0.0017026665309924256
54,FAC009.mat,22,0.6154185520361991,0.06650676822178123,-2.768745218306051,0.005755838558667104
55,FAC009.mat,23,0.5936915535444947,0.077448149440626,-1.509220763277496,0.13163232916203704
56,FAC009.mat,24,0.5276489441930619,0.08349667912102507,-3.844235896449445,0.0001304043279431976
57,FAC009.mat,25,0.5690799396681749,0.03396223855261478,-5.0485800474718685,5.500273117056137e-07
58,FAC009.mat,26,0.690603318250377,0.08242100907148739,0.5667218644883357,0.5710601616726216
59,FAC009.mat,27,0.5412914781297133,0.05398057711520061,-3.844235896449445,0.0001304043279431976
60,FAC009.mat,28,0.5869174208144796,0.07509494506231087,-0.5704663884591196,0.5685196203127062
61,FAC009.mat,29,0.5469645550527904,0.04898053016590387,-3.6880290538427407,0.00024108001347274025
62,FAC009.mat,30,0.598552036199095,0.06148936180785288,-4.72129654620405,2.7609508409354567e-06
63,FAC009.mat,31,0.531681749622926,0.039800168513271,-1.146124893030283,0.25208195445317394
64,FAC001.mat,0,0.531328320802005,0.08896360576089649,-0.22083041148563395,0.8253610493134226
65,FAC001.mat,1,0.5723684210526316,0.0630431375287183,-0.9904127579916671,0.3226980468001933
66,FAC001.mat,2,0.45206766917293234,0.04106639804861002,-0.3310133485774729,0.7408444870008797
67,FAC001.mat,3,0.5836466165413534,0.08808050854233002,0.5559717020974706,0.5786069528100003
68,FAC001.mat,4,0.5592105263157895,0.08858716313936912,-0.7707737313272343,0.44139254274837725
69,FAC001.mat,5,0.4620927318295739,0.11122524579051364,-0.9904127579916671,0.3226980468001933
70,FAC001.mat,6,0.5723684210526316,0.06304313752871832,0.11069774988983352,0.9119233228890102
71,FAC001.mat,7,0.4793233082706767,0.14962085906492942,-0.44107459051662723,0.6594478277838539
72,FAC001.mat,8,0.5491854636591479,0.09649478804095903,-0.3310133485774729,0.7408444870008797
73,FAC001.mat,9,0.4996867167919799,0.09824863093802746,0.5559717020974706,0.5786069528100003
74,FAC001.mat,10,0.6337719298245614,0.1402077988706508,-0.9904127579916671,0.3226980468001933
75,FAC001.mat,11,0.5664160401002506,0.06506644103131413,-0.22083041148563395,0.8253610493134226
76,FAC001.mat,12,0.5723684210526315,0.09224740962084052,0.11069774988983352,0.9119233228890102
77,FAC001.mat,13,0.618734335839599,0.11207966738611827,-0.7707737313272343,0.44139254274837725
78,FAC001.mat,14,0.5015664160401002,0.06601807163764041,0.11069774988983352,0.9119233228890102
79,FAC001.mat,15,0.5162907268170426,0.10969028944370478,-0.22083041148563395,0.8253610493134226
80,FAC001.mat,16,0.4799498746867168,0.10819116638671368,-0.880593132464396,0.3791789372180302
81,FAC001.mat,17,0.5491854636591479,0.096494788040959,-0.5510387687779837,0.5819799685991105
82,FAC001.mat,18,0.6087092731829574,0.08194796499549865,-0.11050096831083372,0.912079253470797
83,FAC001.mat,19,0.4956140350877193,0.09717841102877779,-0.44107459051662723,0.6594478277838539
84,FAC001.mat,20,0.5914786967418546,0.04514757778108227,0.2216178051404962,0.8247484953859762
85,FAC001.mat,21,0.4865288220551378,0.0902641721559287,0.11069774988983352,0.9119233228890102
86,FAC001.mat,22,0.4924812030075188,0.061134390564664014,0.44422844870175715,0.6571685939194947
87,FAC001.mat,23,0.5538847117794485,0.12800983428091642,-0.44107459051662723,0.6594478277838539
88,FAC001.mat,24,0.46647869674185466,0.1074734928301284,-0.3310133485774729,0.7408444870008797
89,FAC001.mat,25,0.525375939849624,0.07360422128397535,-1.8718790617947116,0.062107713673036226
90,FAC001.mat,26,0.5491854636591479,0.05545643745022313,-0.9904127579916671,0.3226980468001933
91,FAC001.mat,27,0.44674185463659144,0.09531020551945278,-0.22083041148563395,0.8253610493134226
92,FAC001.mat,28,0.5795739348370927,0.10959540395535361,-0.44107459051662723,0.6594478277838539
93,FAC001.mat,29,0.5407268170426065,0.09909856520070834,-0.44107459051662723,0.6594478277838539
94,FAC001.mat,30,0.5610902255639098,0.09556267651681878,-0.5510387687779837,0.5819799685991105
95,FAC001.mat,31,0.5228696741854637,0.10467175958161651,0.11069774988983352,0.9119233228890102
96,FAC015.mat,0,0.5274525316455696,0.03378303512987141,-1.4608979229444636,0.14428964328254518
97,FAC015.mat,1,0.4992286392405063,0.03983018281356068,-3.40556769019385,0.0006807872237451557
98,FAC015.mat,2,0.5494066455696203,0.059221713262986544,-0.5603552548821441,0.5753355121071104
99,FAC015.mat,3,0.4993275316455696,0.06774802759231753,1.118812430431492,0.26343074052660964
100,FAC015.mat,4,0.4897745253164557,0.04379653783418064,-2.942885576023052,0.0033104620588650983
101,FAC015.mat,5,0.485185917721519,0.03425294308074793,-3.4636741531485047,0.0005505020803221181
102,FAC015.mat,6,0.5039161392405063,0.06115285000580037,-2.198287250108747,0.028107689801183854
103,FAC015.mat,7,0.49768591772151893,0.02899122568390277,-1.5174092207387673,0.1294110975184182
104,FAC015.mat,8,0.500810917721519,0.035154139953858764,-3.0005190667776387,0.0027475087550011754
105,FAC015.mat,9,0.5023536392405064,0.03723152350775484,-3.058208261439617,0.00227300263092858
106,FAC015.mat,10,0.5149723101265823,0.04525295276766187,-2.2552826157986523,0.02428445955096899
107,FAC015.mat,11,0.5447191455696202,0.060136467453356345,-1.4044176824717531,0.16043786943721045
108,FAC015.mat,12,0.5383504746835444,0.050050605893549864,-1.1787899462579754,0.23870159120287285
109,FAC015.mat,13,0.517879746835443,0.057008430903854324,3.9435038011849692,8.466449033475175e-05
110,FAC015.mat,14,0.5054588607594936,0.04975146278845891,-2.1413344931237352,0.03243603231560191
111,FAC015.mat,15,0.554113924050633,0.04700585604713442,-0.6164727046617825,0.5376925455020207
112,FAC015.mat,16,0.5023536392405064,0.047797738886986074,-1.4608979229444636,0.14428964328254518
113,FAC015.mat,17,0.4757911392405063,0.0673507666705465,-1.1787899462579754,0.23870159120287285
114,FAC015.mat,18,0.5305973101265823,0.03811813108924074,-1.4608979229444639,0.1442896432825451
115,FAC015.mat,19,0.46805775316455694,0.05855122251603886,-0.336051108937898,0.7368875760772988
116,FAC015.mat,20,0.5274525316455696,0.06531686966309797,-2.1413344931237352,0.03243603231560191
117,FAC015.mat,21,0.5383109177215191,0.05003118754118842,-2.3123215006995115,0.020918496580482608
118,FAC015.mat,22,0.4881724683544304,0.04142441250651811,-1.9707228203564593,0.048971463234894964
119,FAC015.mat,23,0.48194224683544307,0.058808229370276056,-3.580078809986491,0.00035638450520743324
120,FAC015.mat,24,0.535126582278481,0.03221413681723703,-1.857178207033891,0.06351608294570768
121,FAC015.mat,25,0.5041534810126582,0.06865724713984783,-2.198287250108747,0.028107689801183854
122,FAC015.mat,26,0.5070806962025316,0.02414242118887912,-3.231619761475736,0.001262346095173236
123,FAC015.mat,27,0.5069422468354431,0.03885528277975658,-2.655520153726296,0.00801724002828971
124,FAC015.mat,28,0.5398931962025316,0.042372537171145426,-1.4608979229444639,0.1442896432825451
125,FAC015.mat,29,0.5053797468354431,0.04577545592351439,-1.4608979229444639,0.1442896432825451
126,FAC015.mat,30,0.499189082278481,0.056470687581217656,-1.0098528899925665,0.31275722957004837
127,FAC015.mat,31,0.5132120253164557,0.02781943018471002,0.16789187665859712,0.8666949461431158
128,FAC014.mat,0,0.5767302259887006,0.08334326014560761,-1.3679254817182664,0.17165956003187643
129,FAC014.mat,1,0.5576977401129943,0.06371148609201474,-1.6962052730359962,0.09017532072905289
130,FAC014.mat,2,0.4504237288135593,0.05413622735054131,-1.1062003769370392,0.2689204322886765
131,FAC014.mat,3,0.5451271186440678,0.0397911087537776,0.0,1.0
132,FAC014.mat,4,0.5435734463276836,0.08195715031949981,-1.2369715920375186,0.21640395911966154
133,FAC014.mat,5,0.5242231638418079,0.058114346276365955,0.38914651714120135,0.6972551572037518
134,FAC014.mat,6,0.5367584745762712,0.05442023448555274,-0.1297938558220373,0.8967570578692305
135,FAC014.mat,7,0.545409604519774,0.0434483916365599,-0.3895823884979053,0.6969328787799653
136,FAC014.mat,8,0.5519420903954803,0.0744341488251955,-0.8451482259651167,0.39824133140438334
137,FAC014.mat,9,0.5538488700564972,0.06857441909333477,-1.4334754768560267,0.15205171948221494
138,FAC014.mat,10,0.5458686440677966,0.08481023177514625,-1.4334754768560267,0.15205171948221494
139,FAC014.mat,11,0.5180084745762712,0.07181932564932063,-1.499076611285413,0.13418667642843957
140,FAC014.mat,12,0.5537076271186441,0.051608097094414676,-1.6962052730359962,0.09017532072905289
141,FAC014.mat,13,0.5451977401129944,0.03904006924848483,-0.779976880774758,0.43559917130967407
142,FAC014.mat,14,0.5198799435028248,0.031720892774052996,-2.6239343727898867,0.008831765118484151
143,FAC014.mat,15,0.5094279661016949,0.03238837539390115,-0.3246057987999236,0.74555105099404
144,FAC014.mat,16,0.5474576271186441,0.0686754479435277,-1.2369715920375186,0.21640395911966154
145,FAC014.mat,17,0.5200564971751412,0.0665814774583796,-2.35739273874697,0.018606191214041314
146,FAC014.mat,18,0.5012711864406779,0.08903191197288948,-0.9755973760961026,0.3295129020393286
147,FAC014.mat,19,0.5390183615819208,0.054781586011765325,-0.9755973760961026,0.3295129020393286
148,FAC014.mat,20,0.5244703389830508,0.09992944715615218,-1.0408787496286833,0.29819720619371026
149,FAC014.mat,21,0.5514477401129944,0.053033937257095105,-2.5571755282237385,0.0107072874540617
150,FAC014.mat,22,0.5620762711864407,0.0526161224565864,-2.224595871483979,0.02634315720401403
151,FAC014.mat,23,0.4821680790960452,0.05179235003996933,-1.171564056298479,0.24166648970282323
152,FAC014.mat,24,0.5052966101694916,0.05346688868548958,-1.762029426493067,0.07838658195994298
153,FAC014.mat,25,0.5239759887005649,0.05696197182121641,-2.224595871483979,0.02634315720401403
154,FAC014.mat,26,0.564159604519774,0.08889786496177533,0.06487790762453238,0.9482848886466784
155,FAC014.mat,27,0.5435381355932204,0.07842919527471007,-2.0259489810316094,0.043049668034275845
156,FAC014.mat,28,0.48047316384180794,0.08463969792739028,-0.3246057987999236,0.74555105099404
157,FAC014.mat,29,0.46334745762711865,0.07600323695838772,-2.4239066994407885,0.015540756603291966
158,FAC014.mat,30,0.56875,0.0664248789628529,-0.5846544590812306,0.5589191930187403
159,FAC014.mat,31,0.5093573446327684,0.03760550117786992,-3.910991004565587,9.847221651651454e-05
160,FAC016.mat,0,0.5247590567327409,0.050451797303893514,-3.1919227730182924,0.0014497811113280607
161,FAC016.mat,1,0.47541410344041923,0.07189611893798742,-1.5562712766072508,0.11990596591987042
162,FAC016.mat,2,0.513462918660287,0.04355731555022938,-0.6903935176691032,0.4900795942100459
163,FAC016.mat,3,0.4833561175666439,0.037920866891445706,0.0,1.0
164,FAC016.mat,4,0.4983994076099339,0.03501198368029626,-0.4025914551477465,0.6873201455339395
165,FAC016.mat,5,0.49482484620642514,0.04333944694693632,-0.6328103584785517,0.5269774563170974
166,FAC016.mat,6,0.5595633971291867,0.04216339968821072,1.8441699427479399,0.06540352595849665
167,FAC016.mat,7,0.5396286169970381,0.05704168079691932,-1.4983880784827013,0.13429414387101737
168,FAC016.mat,8,0.5579630895420369,0.04381412113283756,-1.3248952503411964,0.18545687032999741
169,FAC016.mat,9,0.5348012075643654,0.061333408219954186,-0.4025914551477466,0.6873201455339395
170,FAC016.mat,10,0.508159318751424,0.05474323760371427,-0.7479899551129181,0.45461204663042676
171,FAC016.mat,11,0.5216438824333561,0.0416028199342558,0.6325812579474088,0.5271270432236712
172,FAC016.mat,12,0.48701270221007065,0.04877946693250907,0.8052292909726267,0.4208460997883474
173,FAC016.mat,13,0.4901318637502848,0.06551298398353908,-0.9208684865319746,0.35730325808633334
174,FAC016.mat,14,0.4805434039644566,0.06026851083628031,-1.4983880784827013,0.13429414387101737
175,FAC016.mat,15,0.49854892914103444,0.05238337508768129,-1.7880914593556227,0.07401223238581096
176,FAC016.mat,16,0.4650199362041467,0.05356822707598303,-0.5176800630350634,0.6047764531284461
177,FAC016.mat,17,0.5051318637502848,0.05489440118111961,0.05749792759701604,0.9541580817053379
178,FAC016.mat,18,0.4936360788334473,0.05756924863775728,-1.2671133157715875,0.2053594048995368
179,FAC016.mat,19,0.5398456368193211,0.04324646914437021,-1.6141822315719583,0.10674949530860854
180,FAC016.mat,20,0.5364470836181363,0.050786968444502006,-1.7300913382907062,0.08386978958688024
181,FAC016.mat,21,0.5480266005923901,0.08114104672050919,-2.721085194844552,0.006600418374130428
182,FAC016.mat,22,0.5464257233994076,0.0537240407658367,1.0355902765036549,0.3006009329558728
183,FAC016.mat,23,0.4685944976076555,0.03436674592057112,0.28748963798508015,0.7737868259243761
184,FAC016.mat,24,0.5048658578263842,0.06787858060421548,-0.6328103584785517,0.5269774563170974
185,FAC016.mat,25,0.49982484620642514,0.061034826349790794,1.6126896746183839,0.10707357334921892
186,FAC016.mat,26,0.5018395420369105,0.02795978228492376,-1.6721219243349121,0.09475967602927715
187,FAC016.mat,27,0.5515544543176123,0.06854996372562273,-0.2875369354306404,0.7737506247036453
188,FAC016.mat,28,0.509868705855548,0.0630408576952188,-3.132881799125205,0.001772690848317
189,FAC016.mat,29,0.5513385737069948,0.06259857488722663,-1.0939009553989025,0.2742168577324044
190,FAC016.mat,30,0.5149327865117339,0.057784316545282675,5.966428548625821,3.1831015809828592e-09
191,FAC016.mat,31,0.4868845408976988,0.061841913085159614,1.7283763007456272,0.08417673789189638
192,FAC002.mat,0,0.588701923076923,0.08110493010473865,-2.301086102525706,0.021902829935426325
193,FAC002.mat,1,0.5912980769230769,0.1264413032929462,-1.6539918288901676,0.09891759638379377
194,FAC002.mat,2,0.49599358974358976,0.09833514586468459,-0.3045407486331908,0.7608751281653687
195,FAC002.mat,3,0.47652243589743587,0.09378858919803303,-0.508675451678344,0.6112615833226738
196,FAC002.mat,4,0.525224358974359,0.07440183750240573,-0.713855557511328,0.47573490917283834
197,FAC002.mat,5,0.5678365384615385,0.13051177266310252,-0.713855557511328,0.47573490917283834
198,FAC002.mat,6,0.5694551282051282,0.07960304185055128,-0.6111261186834748,0.5414649576362479
199,FAC002.mat,7,0.6015064102564103,0.05443971348811437,-0.40648607467542297,0.6846039702016309
200,FAC002.mat,8,0.6305769230769231,0.06900241303463407,-1.2323152818556908,0.21855882009658342
201,FAC002.mat,9,0.5224198717948718,0.11635949343426219,0.3029448089399179,0.7620901994435841
202,FAC002.mat,10,0.5538461538461539,0.09072877285369371,-1.3371001847053885,0.18195363937388
203,FAC002.mat,11,0.5850961538461539,0.08266156131838046,-2.410921994225118,0.016364558264297956
204,FAC002.mat,12,0.5620512820512821,0.1328143097007076,-1.3371001847053885,0.18195363937388
205,FAC002.mat,13,0.5240224358974359,0.040239612364818746,-3.3145629183311676,0.001002007254511357
206,FAC002.mat,14,0.4233173076923077,0.13009745180210508,-0.1013144131201234,0.9193518946027452
207,FAC002.mat,15,0.5378205128205128,0.08439717882463174,-1.2323152818556908,0.21855882009658342
208,FAC002.mat,16,0.46536858974358974,0.10670834902539648,-1.5479181924295373,0.12243675501842498
209,FAC002.mat,17,0.5648717948717948,0.0879414056540056,0.10113719876251603,0.9194924784976461
210,FAC002.mat,18,0.47878205128205126,0.09417563361680606,-1.4422944683154453,0.1500057724225407
211,FAC002.mat,19,0.44895833333333335,0.08284679064097888,-1.0238953099471382,0.306506643784534
212,FAC002.mat,20,0.6044711538461538,0.08977530203205895,-1.1279200903082591,0.2600331481192806
213,FAC002.mat,21,0.5726602564102564,0.1164368112926379,0.3029448089399179,0.7620901994435841
214,FAC002.mat,22,0.6119070512820513,0.09044509336674379,-2.301086102525706,0.021902829935426325
215,FAC002.mat,23,0.6305608974358974,0.06271190040114456,-1.0238953099471382,0.306506643784534
216,FAC002.mat,24,0.5340064102564103,0.11282327629919699,0.7051389561125269,0.48113622296397773
217,FAC002.mat,25,0.567099358974359,0.08416654308728015,-1.3371001847053885,0.18195363937388
218,FAC002.mat,26,0.5908974358974359,0.0626545754523567,-1.0238953099471382,0.306506643784534
219,FAC002.mat,27,0.5700641025641026,0.06595390676241636,-1.6539918288901676,0.09891759638379377
220,FAC002.mat,28,0.6042628205128204,0.10690917848396234,-0.508675451678344,0.6112615833226738
221,FAC002.mat,29,0.5196153846153846,0.08931143660665326,0.40364727511784404,0.6866888950525345
222,FAC002.mat,30,0.5723076923076923,0.08665891427169044,-0.1013144131201234,0.9193518946027452
223,FAC002.mat,31,0.42591346153846155,0.09661650311827044,0.3029448089399179,0.7620901994435841
224,FAC013.mat,0,0.5248397435897436,0.08506808170895253,-1.8199383974524572,0.06951193118007482
225,FAC013.mat,1,0.5364583333333334,0.10512304430539259,-1.9236404749412157,0.05510551036225894
226,FAC013.mat,2,0.4459134615384615,0.1364857614303589,-0.5993741150222566,0.5492610764823793
227,FAC013.mat,3,0.5865384615384616,0.09924259106019896,-1.6136248145091834,0.1073934854127224
228,FAC013.mat,4,0.48958333333333337,0.09791063391546298,-0.09961172585260106,0.9207022390754658
229,FAC013.mat,5,0.5833333333333334,0.06917064697085654,-1.204865250075544,0.22896414608133406
230,FAC013.mat,6,0.43189102564102566,0.0570600594659613,-0.49914399431063333,0.6179509849117004
231,FAC013.mat,7,0.5208333333333333,0.09463273327849117,-1.9236404749412157,0.05510551036225894
232,FAC013.mat,8,0.6017628205128205,0.09165139620879593,0.19900253680348212,0.8423613701444335
233,FAC013.mat,9,0.5284455128205128,0.08587467258415926,-1.1033811977633634,0.2705217164552017
234,FAC013.mat,10,0.47435897435897434,0.07268295173364465,-1.6136248145091834,0.1073934854127224
235,FAC013.mat,11,0.3810096153846154,0.0850935507714277,-1.5109775503479896,0.13157980829936206
236,FAC013.mat,12,0.4963942307692307,0.07422895456076481,-1.4086466137973384,0.15971264795157683
237,FAC013.mat,13,0.5689102564102564,0.0794522772835932,-0.6997737415870977,0.48447334748108506
238,FAC013.mat,14,0.5264423076923077,0.13162261999499109,-0.49914399431063344,0.6179509849117004
239,FAC013.mat,15,0.514423076923077,0.0830091079260889,-1.8199383974524572,0.06951193118007482
240,FAC013.mat,16,0.4767628205128205,0.0842947194597434,-0.8003584497230124,0.4239758714371519
241,FAC013.mat,17,0.5576923076923077,0.08848998520691362,-0.49914399431063344,0.6179509849117004
242,FAC013.mat,18,0.4707532051282051,0.05596225208447393,-1.1033811977633634,0.2705217164552017
243,FAC013.mat,19,0.4955929487179487,0.05398851516273918,-1.8199383974524572,0.06951193118007482
244,FAC013.mat,20,0.5080128205128205,0.12711879496828168,-0.49914399431063344,0.6179509849117004
245,FAC013.mat,21,0.4987980769230769,0.13673485540764566,-0.49914399431063333,0.6179509849117004
246,FAC013.mat,22,0.49399038461538464,0.09397146070451132,-1.8199383974524572,0.06951193118007482
247,FAC013.mat,23,0.5492788461538461,0.08552254916932797,-0.6997737415870977,0.48447334748108506
248,FAC013.mat,24,0.469551282051282,0.09093757025071224,-1.5109775503479896,0.13157980829936206
249,FAC013.mat,25,0.483974358974359,0.12903378034231194,-1.6136248145091834,0.1073934854127224
250,FAC013.mat,26,0.5592948717948718,0.08824294806369362,-2.3425161573978346,0.0196412703235472
251,FAC013.mat,27,0.5280448717948718,0.08169541090368476,-1.1033811977633634,0.2705217164552017
252,FAC013.mat,28,0.5829326923076923,0.07782651725399421,1.1934275281038804,0.2334058030640411
253,FAC013.mat,29,0.5821314102564102,0.09028479069888654,-1.204865250075544,0.22896414608133406
254,FAC013.mat,30,0.4611378205128205,0.09797209156736836,-1.7166058536173237,0.08682152226667868
255,FAC013.mat,31,0.6033653846153846,0.08857338595318034,0.19900253680348212,0.8423613701444335
256,FAC007.mat,0,0.5527219873150105,0.05652967091299058,0.6802139015202397,0.4965939330808604
257,FAC007.mat,1,0.5185650105708246,0.08036018633690961,-0.3770789922738313,0.7062291875795904
258,FAC007.mat,2,0.4273255813953488,0.048893634519026265,0.22643881851209444,0.820926244063334
259,FAC007.mat,3,0.5328356236786469,0.05950752076718844,1.5175922164473117,0.12956870209191826
260,FAC007.mat,4,0.4844080338266385,0.06650227025455402,0.8318478530511434,0.4057785065035918
261,FAC007.mat,5,0.5214059196617336,0.05973158958061019,0.9077522381996337,0.36432153029324443
262,FAC007.mat,6,0.5355443974630022,0.05607131801860198,1.28830136189281,0.1980667440903026
263,FAC007.mat,7,0.5071353065539111,0.05298016155952413,1.135860857648797,0.2564035359811262
264,FAC007.mat,8,0.5128831923890064,0.059474944016337725,1.135860857648797,0.2564035359811262
265,FAC007.mat,9,0.49002378435517974,0.058894078756925,1.7477342048190734,0.0809485148171411
266,FAC007.mat,10,0.5698335095137421,0.06135088671352247,0.8318478530511434,0.4057785065035918
267,FAC007.mat,11,0.5441992600422834,0.04773208488766048,0.7560030070835415,0.4499017229255309
268,FAC007.mat,12,0.4727801268498943,0.05290563029335969,0.6802139015202397,0.4965939330808604
269,FAC007.mat,13,0.48420983086680763,0.0680313033226483,0.07545627303990271,0.939873246371326
270,FAC007.mat,14,0.4670322410147992,0.057590950154437257,0.8318478530511434,0.4057785065035918
271,FAC007.mat,15,0.5100422832980973,0.06265164592053278,1.0597549005464328,0.2896216461024989
272,FAC007.mat,16,0.5241146934460889,0.05808541680520919,2.679024758808313,0.007557110113096453
273,FAC007.mat,17,0.4984143763213531,0.05596238331786605,0.9077522381996337,0.36432153029324443
274,FAC007.mat,18,0.53884778012685,0.08016116634775178,0.4531432544294437,0.650586015917179
275,FAC007.mat,19,0.47879228329809725,0.0763945220043274,1.135860857648797,0.2564035359811262
276,FAC007.mat,20,0.48420983086680763,0.07524171770379678,1.7477342048190734,0.0809485148171411
277,FAC007.mat,21,0.49815010570824525,0.08201718414269481,0.0,1.0
278,FAC007.mat,22,0.5100422832980972,0.05132159801196982,0.4531432544294437,0.650586015917179
279,FAC007.mat,23,0.5017838266384778,0.09596187338197802,1.4410726713462836,0.15001131399685733
280,FAC007.mat,24,0.4813028541226216,0.04431238820847314,1.8246560765962694,0.06847903795216298
281,FAC007.mat,25,0.5155919661733614,0.04580580513123292,0.15093464575555418,0.8800707540320842
282,FAC007.mat,26,0.42719344608879495,0.05424552656664442,-0.3770789922738313,0.7062291875795904
283,FAC007.mat,27,0.43043076109936573,0.07719820819606506,1.2120417157307595,0.22590535539326256
284,FAC007.mat,28,0.4928646934460888,0.04211697600295645,2.4443663078814297,0.01475636315763961
285,FAC007.mat,29,0.5323731501057082,0.08837777892604863,1.6709189691317243,0.09518466694719006
286,FAC007.mat,30,0.5126189217758985,0.06070661113097224,1.4410726713462836,0.15001131399685733
287,FAC007.mat,31,0.5070692389006343,0.052376233772149436,0.5287877891057309,0.5971202897132726
288,FAC006.mat,0,0.5119172886861566,0.032013204339288115,-3.7644196224978606,0.0001726859808920288
289,FAC006.mat,1,0.4988328495403967,0.04620638315483193,-3.4108961921143863,0.0006628552814729146
290,FAC006.mat,2,0.5402640991084386,0.06441613478574561,-3.8657900701996772,0.00011495160841371034
291,FAC006.mat,3,0.5276323519248047,0.034328478421222906,-2.013669472100408,0.04420362005107122
292,FAC006.mat,4,0.5406269438109061,0.042476119088412895,-1.5691493917952495,0.11680167235280677
293,FAC006.mat,5,0.5036740185914714,0.02864660433106714,-2.5099371212694135,0.012168747597113543
294,FAC006.mat,6,0.4915750915750916,0.0312392616870421,-2.609526413660389,0.009147375797609318
295,FAC006.mat,7,0.49310681456907873,0.055036338868002174,-2.6593660241420416,0.007903266327940006
296,FAC006.mat,8,0.5343676567143548,0.027876266345515422,-4.8378270467276145,1.4329469428698405e-06
297,FAC006.mat,9,0.5392191927569285,0.05398668649484414,-0.34216222838171245,0.7322716582826572
298,FAC006.mat,10,0.515444225585735,0.03564189656736673,-2.211855413388452,0.027110953459083615
299,FAC006.mat,11,0.5263747062685742,0.04123679619573148,-2.8590351127062785,0.004301823927970838
300,FAC006.mat,12,0.5490624352063032,0.04099663581975959,-1.7171210283428457,0.08614158665875712
301,FAC006.mat,13,0.48920537010159654,0.03965660186737285,1.0250165536763152,0.3055031172597265
302,FAC006.mat,14,0.514502773170226,0.04975353188342161,0.3906339392274983,0.6961174215358853
303,FAC006.mat,15,0.5058845635496578,0.025548506790595286,1.0250165536763152,0.3055031172597265
304,FAC006.mat,16,0.5203313981615869,0.03387563724229424,-1.1263019688217613,0.260198774500526
305,FAC006.mat,17,0.5226654831018038,0.03285573643312821,-5.252543936634745,1.6917509790384764e-07
306,FAC006.mat,18,0.5119727952864745,0.04491443025858138,-2.8590351127062785,0.004301823927970838
307,FAC006.mat,19,0.4953840970350404,0.036982728482887105,0.19535916765641267,0.845135432159432
308,FAC006.mat,20,0.4782751053977469,0.06883675222215266,-3.5621697283119316,0.0003780746461026476
309,FAC006.mat,21,0.5191851976639712,0.034315384887517016,-0.6848092492180148,0.49355887523870845
310,FAC006.mat,22,0.49528215495196626,0.047677067941905904,-1.0771860844882055,0.281551975667209
311,FAC006.mat,23,0.532066184601562,0.03453376014716364,-3.009126273037843,0.0026590310005827553
312,FAC006.mat,24,0.542894723201327,0.06581975959898995,-2.3607710598449714,0.01835078767902854
313,FAC006.mat,25,0.5000107989494782,0.043704355839417904,4.619395811600007,4.142039728711734e-06
314,FAC006.mat,26,0.5047960294422559,0.036097212712002856,-0.6848092492180148,0.49355887523870845
315,FAC006.mat,27,0.49028180938558297,0.044105331122519575,-1.9641857290968443,0.04967340083244306
316,FAC006.mat,28,0.49311718156057777,0.06275087711372858,-1.9641857290968443,0.04967340083244306
317,FAC006.mat,29,0.5396628136014929,0.061830820890097365,-2.112711346706132,0.03477283373560075
318,FAC006.mat,30,0.5202959776072984,0.042786099139681406,-3.7137965277687957,0.00021085163497313632
319,FAC006.mat,31,0.5214639919828599,0.026792926546269247,-0.4889431397726727,0.6249458510210495
320,FAC012.mat,0,0.49241071428571426,0.09230401784646707,-0.9538983289894881,0.3404853973191154
321,FAC012.mat,1,0.5697916666666667,0.05943427045275899,0.321543201214212,0.7479008923344383
322,FAC012.mat,2,0.5334821428571428,0.05384992919091178,-0.9538983289894881,0.3404853973191154
323,FAC012.mat,3,0.5550595238095238,0.08284454868023453,-0.3991516427353207,0.6899109827512367
324,FAC012.mat,4,0.5397321428571429,0.07534157266927013,-0.31954112266859874,0.7494176376122468
325,FAC012.mat,5,0.519047619047619,0.11595537543801288,-1.5053885669637188,0.13270406983966973
326,FAC012.mat,6,0.5556547619047619,0.07005562962029961,-0.5580776882568392,0.5769811643412941
327,FAC012.mat,7,0.5639880952380953,0.061703398464640256,-0.637402981540548,0.5240841045803246
328,FAC012.mat,8,0.503125,0.04069852060065124,-1.2693315208612501,0.2047716207649299
329,FAC012.mat,9,0.5383928571428571,0.058565953818852975,-1.1117289568196072,0.2666607349470585
330,FAC012.mat,10,0.5691964285714286,0.052165538867098696,-1.4267430096116438,0.15412829852215326
331,FAC012.mat,11,0.5214285714285715,0.05334608691049543,-0.9538983289894881,0.3404853973191154
332,FAC012.mat,12,0.5544642857142857,0.033220205565636235,-1.190556426665363,0.2342570943773316
333,FAC012.mat,13,0.530952380952381,0.08746760009146037,-0.8748858296181611,0.3819552540587663
334,FAC012.mat,14,0.5489583333333333,0.08237638797395112,-1.3480588514593697,0.17810333814613186
335,FAC012.mat,15,0.5458333333333334,0.05858183221579569,-1.5840000770334404,0.11367417450824381
336,FAC012.mat,16,0.5392857142857144,0.046137672321609785,-0.31954112266859874,0.7494176376122468
337,FAC012.mat,17,0.5120535714285714,0.04474764487589012,-1.0328444769613343,0.3020561462630639
338,FAC012.mat,18,0.581547619047619,0.06338097921361817,0.4831696506017987,0.6291360071519346
339,FAC012.mat,19,0.5252976190476191,0.07550554765550256,0.08018524937175743,0.9361143027561682
340,FAC012.mat,20,0.5816964285714286,0.1315583079852554,-0.31954112266859874,0.7494176376122468
341,FAC012.mat,21,0.5641369047619047,0.052706098202185414,-0.7958022689104876,0.4264339633539187
342,FAC012.mat,22,0.509077380952381,0.08501270725843382,-1.4267430096116438,0.15412829852215326
343,FAC012.mat,23,0.5095238095238095,0.055068371232533136,0.4831696506017987,0.6291360071519346
344,FAC012.mat,24,0.5543154761904762,0.04527699416256367,3.456550500721633,0.0005823440898270329
345,FAC012.mat,25,0.5569940476190476,0.07590729904606926,4.86265504910625,1.450227989004969e-06
346,FAC012.mat,26,0.5214285714285715,0.04685397298608197,2.14154543532685,0.03259667154821664
347,FAC012.mat,27,0.5909226190476191,0.06498173010943824,4.5725427143445145,5.757279935122457e-06
348,FAC012.mat,28,0.6239583333333334,0.04642260912571104,5.458474095613242,6.81009776478288e-08
349,FAC012.mat,29,0.600297619047619,0.055221768677104724,4.287177191131295,2.080517776850613e-05
350,FAC012.mat,30,0.6032738095238096,0.026955480534373747,5.357637894166888,1.1673026994640665e-07
351,FAC012.mat,31,0.5583333333333333,0.07822796502831743,3.0096077616878008,0.0027158918961117345
352,FAC004.mat,0,0.47264799154334036,0.05403849412512164,-1.2981369705039685,0.19467275781957974
353,FAC004.mat,1,0.5124867864693445,0.05702488183838797,-1.1443932715177187,0.25285625470598033
354,FAC004.mat,2,0.5019159619450317,0.053961663301254,-0.5325116046486079,0.5945426474324447
355,FAC004.mat,3,0.5393763213530656,0.07630925495464398,-1.9950928533996597,0.046424457832726244
356,FAC004.mat,4,0.4269952431289641,0.06308845148884262,-0.07596263030878297,0.9394707843306715
357,FAC004.mat,5,0.5217362579281184,0.04567330029409343,-1.0676514654743776,0.28605007187738163
358,FAC004.mat,6,0.5221326638477801,0.08989802542414199,-0.7614571594851146,0.4466434718668849
359,FAC004.mat,7,0.46690010570824525,0.05352699173348673,-0.5325116046486078,0.5945426474324448
360,FAC004.mat,8,0.5159223044397463,0.053232287137880044,-0.7614571594851146,0.4466434718668849
361,FAC004.mat,9,0.5276823467230445,0.07170793902071369,-0.15195567405586968,0.8792661870942988
362,FAC004.mat,10,0.4754889006342495,0.03939665740104076,-0.45630879078451186,0.6483111195003071
363,FAC004.mat,11,0.49260042283298094,0.08214396206580568,-1.221220418411364,0.22241847656428657
364,FAC004.mat,12,0.47238372093023256,0.06458416403610034,-0.8378977936702723,0.40237741093667934
365,FAC004.mat,13,0.48394556025369984,0.055457764301622296,-1.6067794007386795,0.10855893819335843
366,FAC004.mat,14,0.4351215644820296,0.07531654519268147,0.3036227453020123,0.7615065855928798
367,FAC004.mat,15,0.5128831923890064,0.056062715361907836,-0.8378977936702723,0.40237741093667934
368,FAC004.mat,16,0.5473705073995772,0.08742523139193935,-0.8378977936702723,0.40237741093667934
369,FAC004.mat,17,0.5558271670190276,0.07139902281437424,-0.9144077345478914,0.3608211374801443
370,FAC004.mat,18,0.5017177589852009,0.0800372467462382,-0.07596263030878297,0.9394707843306715
371,FAC004.mat,19,0.5131474630021142,0.0740492848158996,0.2277436076040126,0.8199128415187603
372,FAC004.mat,20,0.5708905919661733,0.06505912987121695,-1.2981369705039685,0.19467275781957974
373,FAC004.mat,21,0.5068710359408034,0.062284384414025444,0.07593604050679846,0.9394919310933183
374,FAC004.mat,22,0.5273520084566596,0.044631034835153315,-3.1016873376165552,0.002002425435291649
375,FAC004.mat,23,0.559526955602537,0.07591650597628162,-0.38015566276368884,0.7039465197977162
376,FAC004.mat,24,0.5650105708245243,0.0818202474732551,-2.861759544846577,0.00434018375856558
377,FAC004.mat,25,0.5763081395348837,0.07262920826111033,-2.22962561790296,0.026092426883714225
378,FAC004.mat,26,0.5679836152219873,0.06297959476067554,0.0,1.0
379,FAC004.mat,27,0.5360729386892178,0.05831030920418442,-1.9171843270686248,0.05562596442639757
380,FAC004.mat,28,0.4986786469344609,0.08167928770986205,-1.5294640764105434,0.12660640536295018
381,FAC004.mat,29,0.5333641649048626,0.04156821127379199,-1.9950928533996597,0.046424457832726244
382,FAC004.mat,30,0.5219344608879493,0.05579177637759684,-1.9950928533996597,0.046424457832726244
383,FAC004.mat,31,0.544727801268499,0.023491766066069456,-3.424375811063891,0.0006525636231532513
384,FAC010.mat,0,0.4853179753406879,0.040024748870614406,-0.3035482953318452,0.761530405710767
385,FAC010.mat,1,0.5148983344148821,0.034099491655057934,-0.18210912784624836,0.8555311970300427
386,FAC010.mat,2,0.5163313865455332,0.04862027918903704,-0.36428153164756677,0.7157189654777689
387,FAC010.mat,3,0.4833441488211119,0.0387342467395457,-0.24282457522973147,0.8081873194715768
388,FAC010.mat,4,0.5037043045641358,0.03760290763159669,0.06069477509304291,0.9516135014670992
389,FAC010.mat,5,0.5000270387194462,0.04897277916267243,1.3976558453541017,0.16250292337612315
390,FAC010.mat,6,0.5164395414233183,0.031318074626862175,0.36416245134147235,0.7158078545877684
391,FAC010.mat,7,0.5425048669695003,0.04211795907121079,0.0,1.0
392,FAC010.mat,8,0.509301319489509,0.047498711508446,0.36416245134147235,0.7158078545877684
393,FAC010.mat,9,0.5038665368808133,0.0486729320311752,-0.911514681752675,0.36222728277939176
394,FAC010.mat,10,0.5185756002595717,0.08397144554510558,-0.4250255287131864,0.6709025737385602
395,FAC010.mat,11,0.5224150984209388,0.04354190157523969,-0.06069808169661201,0.9516108686473579
396,FAC010.mat,12,0.4720419640925806,0.040758140939760636,-0.9724117650481245,0.3310630732397297
397,FAC010.mat,13,0.5440460739779364,0.05188768304608632,-0.5465507892131088,0.5848000709463578
398,FAC010.mat,14,0.5692191217823924,0.07692747100002198,0.849990240510989,0.3955185511859881
399,FAC010.mat,15,0.5149524118537746,0.03370025768437307,-0.5465507892131088,0.5848000709463578
400,FAC010.mat,16,0.4850475881462254,0.061120611143749996,-1.277271886566707,0.20178028209614302
401,FAC010.mat,17,0.45925264979450575,0.05145302068829936,-0.911514681752675,0.36222728277939176
402,FAC010.mat,18,0.4997025740860913,0.052424269972532515,0.06069477509304291,0.9516135014670992
403,FAC010.mat,19,0.44108263032662776,0.0717543376440702,-2.2586008235633677,0.02410669766887468
404,FAC010.mat,20,0.48137032230153576,0.05041176906155103,-1.277271886566707,0.20178028209614302
405,FAC010.mat,21,0.4830737616266494,0.0817808050328877,-1.4605334947519402,0.1444338107707855
406,FAC010.mat,22,0.4501406013411205,0.03334872833773867,-1.705357196385321,0.08841485136340997
407,FAC010.mat,23,0.5537529742591392,0.07980364332719654,-0.12140071060015771,0.9033961952614329
408,FAC010.mat,24,0.5225232532987238,0.044996580645401095,0.4248634256513003,0.6710207107541679
409,FAC010.mat,25,0.5316893791910016,0.05557645501691918,-0.8506396280935176,0.39515776831520866
410,FAC010.mat,26,0.5145738697815272,0.061665206861091594,-1.3994145168712175,0.16197533246346135
411,FAC010.mat,27,0.5603504218040234,0.05039901257438233,-0.12140071060015771,0.9033961952614329
412,FAC010.mat,28,0.5517250703006705,0.042773707357165035,-0.5465507892131088,0.5848000709463578
413,FAC010.mat,29,0.5346636383300887,0.05593288350089414,-0.24282457522973147,0.8081873194715768
414,FAC010.mat,30,0.5420722474583604,0.0658829235377304,-1.21624567316559,0.22415660950225463
415,FAC010.mat,31,0.4739076357343716,0.05741062604479454,-0.6681340588131214,0.5041905169891675
416,FAC011.mat,0,0.4879807692307692,0.06862549242125095,0.8353141470658985,0.4037823971000989
417,FAC011.mat,1,0.5069230769230769,0.055527326819041434,1.255004811601932,0.2098319683306801
418,FAC011.mat,2,0.49278846153846156,0.060765503171944894,-0.5555739799152213,0.5786525616193638
419,FAC011.mat,3,0.46153846153846156,0.056066845142743287,0.34757688095793504,0.7282465188875031
420,FAC011.mat,4,0.4571153846153846,0.05156679760645036,0.20848758999410816,0.834899670218665
421,FAC011.mat,5,0.44009615384615386,0.05426545194825093,0.27802084477157524,0.7810659332608051
422,FAC011.mat,6,0.5120192307692308,0.04801678931595716,1.255004811601932,0.2098319683306801
423,FAC011.mat,7,0.473173076923077,0.04648190699094427,1.535920908302727,0.12494071887887011
424,FAC011.mat,8,0.45663461538461536,0.06640932054335133,0.20848758999410819,0.834899670218665
425,FAC011.mat,9,0.5025000000000001,0.044556907964279545,0.4171581564061369,0.6766711249212398
426,FAC011.mat,10,0.4785576923076923,0.04580224649538131,0.5564062814683096,0.5780838462392843
427,FAC011.mat,11,0.5000961538461538,0.062345000107960034,0.20848758999410819,0.834899670218665
428,FAC011.mat,12,0.5075961538461539,0.08075131440482258,0.27802084477157524,0.7810659332608051
429,FAC011.mat,13,0.5241346153846154,0.04685041268376462,0.34757688095793504,0.7282465188875031
430,FAC011.mat,14,0.5092307692307692,0.05984076503323896,0.48676713387491677,0.6265524972869887
431,FAC011.mat,15,0.5024038461538461,0.04655028060345452,-0.5555739799152213,0.5786525616193638
432,FAC011.mat,16,0.4853846153846154,0.03167652706443535,-0.06946662482597987,0.9446350112876324
433,FAC011.mat,17,0.5196153846153846,0.05965507363712567,-0.48613007085150284,0.6270038874912042
434,FAC011.mat,18,0.5267307692307692,0.059381364498503585,-0.6944836948955446,0.48757420794225315
435,FAC011.mat,19,0.5291346153846154,0.04825572520222755,-0.3472519857478707,0.7284904758041661
436,FAC011.mat,20,0.504423076923077,0.05217283237346638,-0.3472519857478707,0.7284904758041661
437,FAC011.mat,21,0.5215384615384615,0.0868174988496494,-0.13892269916698205,0.8895450959361699
438,FAC011.mat,22,0.5289423076923077,0.056050929793976016,-0.20837066056597361,0.8349909317616231
439,FAC011.mat,23,0.4952884615384615,0.06363663199724404,-0.06946662482597987,0.9446350112876324
440,FAC011.mat,24,0.5293269230769231,0.06429917764296934,0.06947961516044221,0.9446246746421991
441,FAC011.mat,25,0.46653846153846157,0.040854410291138545,0.34757688095793504,0.7282465188875031
442,FAC011.mat,26,0.47807692307692307,0.03284579354873551,-1.2507719691686403,0.21137185839314832
443,FAC011.mat,27,0.4879807692307692,0.05261074189480597,0.4171581564061369,0.6766711249212398
444,FAC011.mat,28,0.4878846153846154,0.053495769339996474,-0.2778129446879896,0.7812254740677791
445,FAC011.mat,29,0.5433653846153845,0.062092383810085215,0.06947961516044221,0.9446246746421991
446,FAC011.mat,30,0.48317307692307687,0.05476339302833902,-0.4166902169373267,0.6770132703813534
447,FAC011.mat,31,0.5341346153846154,0.0633576509813126,-0.20837066056597361,0.8349909317616231
448,FAC005.mat,0,0.5,0.04171866972143517,-2.3041425263327433,0.021502476204014954
449,FAC005.mat,1,0.49993686868686865,0.06985755795895951,-2.4620925408743766,0.014049428619144707
450,FAC005.mat,2,0.5140151515151514,0.05020285220740141,-2.3830270967797835,0.01743300246125527
451,FAC005.mat,3,0.5451388888888888,0.06402993648122107,-2.9405530838783838,0.0033827802229319105
452,FAC005.mat,4,0.5133838383838384,0.0761111278679276,-2.5413436021452878,0.011254344792743435
453,FAC005.mat,5,0.5053030303030304,0.07529022511696622,-1.6790248656804958,0.09358718525604345
454,FAC005.mat,6,0.522979797979798,0.10578788891492938,-1.9903199216603193,0.04693872380053788
455,FAC005.mat,7,0.525,0.07361663354027181,0.526890643889628,0.5984341055784117
456,FAC005.mat,8,0.49684343434343436,0.08449781356276666,-2.2254341386910723,0.02636544293088116
457,FAC005.mat,9,0.5138257575757575,0.08149562990650337,0.07540016504370808,0.9399175674170186
458,FAC005.mat,10,0.4746212121212121,0.05895842763476967,-2.2254341386910723,0.02636544293088116
459,FAC005.mat,11,0.48295454545454547,0.020416709613093005,-1.369976538370039,0.17112728513238687
460,FAC005.mat,12,0.5023358585858586,0.07273513631554795,-1.912270356179154,0.05624365950305352
461,FAC005.mat,13,0.5419823232323233,0.05654222407643552,-1.601562888683875,0.10969709948036947
462,FAC005.mat,14,0.49444444444444446,0.048119811656422824,0.15075084679483297,0.8802150797538547
463,FAC005.mat,15,0.5360479797979798,0.06254012970434569,-2.7004218234657253,0.007090177798165136
464,FAC005.mat,16,0.536489898989899,0.05385881768687745,-1.293033587000969,0.19642001451429633
465,FAC005.mat,17,0.5033459595959596,0.07737620056836915,-0.5294998261775182,0.5966242825500403
466,FAC005.mat,18,0.54760101010101,0.07156084024624997,-1.1395015530132806,0.25487830563842834
467,FAC005.mat,19,0.4633838383838384,0.0651015782313723,-0.9864141427708761,0.32426595333818675
468,FAC005.mat,20,0.4747474747474747,0.1027374402763038,-2.2254341386910723,0.02636544293088116
469,FAC005.mat,21,0.4973484848484848,0.03472084478443229,-1.601562888683875,0.10969709948036947
470,FAC005.mat,22,0.5453914141414141,0.07561326216688992,-0.9100270875943864,0.36311705111501924
471,FAC005.mat,23,0.511489898989899,0.05892055973039432,-1.834374255693916,0.0670167603093791
472,FAC005.mat,24,0.5253156565656565,0.03895478273850676,-2.8603008248632458,0.004356704164876461
473,FAC005.mat,25,0.48636363636363633,0.07266981807416861,-1.4470429516510597,0.14832624636014005
474,FAC005.mat,26,0.531060606060606,0.04908158139757195,-2.3830270967797835,0.01743300246125527
475,FAC005.mat,27,0.4973484848484848,0.047193686349143206,-1.4470429516510597,0.14832624636014005
476,FAC005.mat,28,0.5115530303030302,0.08328374615116772,-0.6054305950911135,0.5450863961848704
477,FAC005.mat,29,0.48333333333333334,0.051661013543826954,-1.2162099599438687,0.22430913023455223
478,FAC005.mat,30,0.5226641414141414,0.03375672105607274,-1.6790248656804958,0.09358718525604345
479,FAC005.mat,31,0.5226010101010101,0.0400001514510958,-1.524236999065228,0.12789479757692912
